,id,price,qty,quoteQty,time,isBuyerMaker,isBestMatch
0,3108394113,28530.01000000,0.00147000,41.93911470,1683386579994,False,True
1,3108394114,28530.00000000,0.00354000,100.99620000,1683386580000,True,True
2,3108394115,28530.01000000,0.00046000,13.12380460,1683386580000,False,True
3,3108394116,28530.00000000,0.00148000,42.22440000,1683386580003,True,True
4,3108394117,28530.01000000,0.00251000,71.61032510,1683386580005,False,True
5,3108394118,28530.01000000,0.00704000,200.85127040,1683386580006,False,True
6,3108394119,28530.01000000,0.00305000,87.01653050,1683386580006,False,True
7,3108394120,28530.00000000,0.00477000,136.08810000,1683386580006,True,True
8,3108394121,28530.00000000,0.00289000,82.45170000,1683386580006,True,True
9,3108394122,28530.00000000,0.00047000,13.40910000,1683386580006,True,True
10,3108394123,28530.01000000,0.00062000,17.68860620,1683386580006,False,True
11,3108394124,28530.00000000,0.00046000,13.12380000,1683386580006,True,True
12,3108394125,28530.00000000,0.00072000,20.54160000,1683386580008,True,True
13,3108394126,28530.00000000,0.00138000,39.37140000,1683386580009,True,True
14,3108394127,28530.00000000,0.00196000,55.91880000,1683386580009,True,True
15,3108394128,28530.01000000,0.00192000,54.77761920,1683386580010,False,True
16,3108394129,28530.00000000,0.00089000,25.39170000,1683386580010,True,True
17,3108394130,28530.01000000,0.00119000,33.95071190,1683386580011,False,True
18,3108394131,28530.01000000,0.00071000,20.25630710,1683386580017,False,True
19,3108394132,28530.00000000,0.00057000,16.26210000,1683386580069,True,True
20,3108394133,28530.01000000,0.00217000,61.91012170,1683386580173,False,True
21,3108394134,28530.00000000,0.18800000,5363.64000000,1683386580202,True,True
22,3108394135,28530.00000000,0.03400000,970.02000000,1683386580238,True,True
23,3108394136,28530.01000000,0.00577000,164.61815770,1683386580368,False,True
24,3108394137,28530.00000000,0.00100000,28.53000000,1683386580384,True,True
25,3108394138,28530.00000000,0.00300000,85.59000000,1683386580463,True,True
26,3108394139,28530.00000000,0.03500000,998.55000000,1683386580511,True,True
27,3108394140,28530.00000000,0.00800000,228.24000000,1683386580514,True,True
28,3108394141,28530.00000000,0.10500000,2995.65000000,1683386580970,True,True
29,3108394142,28530.00000000,0.53500000,15263.55000000,1683386580977,True,True
30,3108394143,28530.00000000,0.32000000,9129.60000000,1683386580977,True,True
31,3108394144,28530.00000000,0.64000000,18259.20000000,1683386580977,True,True
32,3108394145,28530.00000000,1.10900000,31639.77000000,1683386580978,True,True
33,3108394146,28530.00000000,0.53351000,15221.04030000,1683386580986,True,True
34,3108394147,28530.00000000,0.84341000,24062.48730000,1683386580986,True,True
35,3108394148,28530.00000000,0.86146000,24577.45380000,1683386580987,True,True
36,3108394149,28530.00000000,0.42832000,12219.96960000,1683386580989,True,True
37,3108394150,28530.00000000,0.26062000,7435.48860000,1683386580989,True,True
38,3108394151,28530.00000000,0.67027000,19122.80310000,1683386580989,True,True
39,3108394152,28530.00000000,1.89950000,54192.73500000,1683386580989,True,True
40,3108394153,28530.00000000,0.80848000,23065.93440000,1683386580989,True,True
41,3108394154,28530.00000000,0.60057000,17134.26210000,1683386580989,True,True
42,3108394155,28530.00000000,0.42755000,12198.00150000,1683386580990,True,True
43,3108394156,28530.00000000,2.23598000,63792.50940000,1683386580990,True,True
44,3108394157,28530.00000000,0.42640000,12165.19200000,1683386580990,True,True
45,3108394158,28530.00000000,0.76365000,21786.93450000,1683386580990,True,True
46,3108394159,28530.00000000,1.44105000,41113.15650000,1683386580990,True,True
47,3108394160,28530.00000000,1.60012000,45651.42360000,1683386580990,True,True
48,3108394161,28530.00000000,0.78438000,22378.36140000,1683386580990,True,True
49,3108394162,28530.00000000,1.01388000,28925.99640000,1683386580990,True,True
50,3108394163,28530.00000000,0.63092000,18000.14760000,1683386580991,True,True
51,3108394164,28530.00000000,0.64713000,18462.61890000,1683386580991,True,True
52,3108394165,28530.00000000,0.30446000,8686.24380000,1683386580991,True,True
53,3108394166,28530.00000000,0.29763000,8491.38390000,1683386580991,True,True
54,3108394167,28530.00000000,0.29373000,8380.11690000,1683386580991,True,True
55,3108394168,28530.00000000,0.00066000,18.82980000,1683386580991,True,True
56,3108394169,28530.00000000,0.04907000,1399.96710000,1683386580991,True,True
57,3108394170,28530.00000000,0.00171000,48.78630000,1683386580991,True,True
58,3108394171,28530.00000000,0.00213000,60.76890000,1683386580991,True,True
59,3108394172,28530.00000000,0.00701000,199.99530000,1683386580991,True,True
60,3108394173,28530.00000000,0.55533000,15843.56490000,1683386580991,True,True
61,3108394174,28530.00000000,0.45107000,12869.02710000,1683386580991,True,True
62,3108394175,28530.00000000,0.02627000,749.48310000,1683386580992,True,True
63,3108394176,28530.00000000,0.00105000,29.95650000,1683386580992,True,True
64,3108394177,28530.00000000,0.00175000,49.92750000,1683386580992,True,True
65,3108394178,28530.00000000,0.01769000,504.69570000,1683386580992,True,True
66,3108394179,28530.00000000,0.16240000,4633.27200000,1683386580992,True,True
67,3108394180,28530.00000000,0.24846000,7088.56380000,1683386580992,True,True
68,3108394181,28530.00000000,0.10202000,2910.63060000,1683386580993,True,True
69,3108394182,28530.00000000,0.30000000,8559.00000000,1683386580993,True,True
70,3108394183,28530.00000000,0.04196000,1197.11880000,1683386580993,True,True
71,3108394184,28530.00000000,0.00109000,31.09770000,1683386580993,True,True
72,3108394185,28530.00000000,0.28040000,7999.81200000,1683386580993,True,True
73,3108394186,28530.00000000,0.03907000,1114.66710000,1683386580993,True,True
74,3108394187,28530.00000000,0.01441000,411.11730000,1683386580993,True,True
75,3108394188,28530.00000000,0.00223000,63.62190000,1683386580993,True,True
76,3108394189,28530.00000000,0.00658000,187.72740000,1683386580993,True,True
77,3108394190,28530.00000000,0.06300000,1797.39000000,1683386580993,True,True
78,3108394191,28530.00000000,0.00480000,136.94400000,1683386580993,True,True
79,3108394192,28530.00000000,0.31302000,8930.46060000,1683386580993,True,True
80,3108394193,28530.00000000,0.27200000,7760.16000000,1683386580994,True,True
81,3108394194,28530.00000000,0.00036000,10.27080000,1683386580994,True,True
82,3108394195,28530.00000000,0.00949000,270.74970000,1683386580994,True,True
83,3108394196,28530.00000000,0.26247000,7488.26910000,1683386580994,True,True
84,3108394197,28530.00000000,0.01723000,491.57190000,1683386580994,True,True
85,3108394198,28530.00000000,0.03138000,895.27140000,1683386580994,True,True
86,3108394199,28529.99000000,0.00240000,68.47197600,1683386580995,True,True
87,3108394200,28529.99000000,0.00338000,96.43136620,1683386580995,True,True
88,3108394201,28529.99000000,0.16522000,4713.72494780,1683386580995,True,True
89,3108394202,28529.99000000,0.38997000,11125.84020030,1683386580996,True,True
90,3108394203,28529.99000000,0.30656000,8746.15373440,1683386580996,True,True
91,3108394204,28529.99000000,0.13825000,3944.27111750,1683386580996,True,True
92,3108394205,28529.97000000,0.01753000,500.13037410,1683386580996,True,True
93,3108394206,28529.91000000,0.16651000,4750.51531410,1683386580996,True,True
94,3108394207,28529.91000000,0.33069000,9434.55593790,1683386580996,True,True
95,3108394208,28529.91000000,0.14425000,4115.43951750,1683386580996,True,True
96,3108394209,28529.86000000,0.00603000,172.03505580,1683386580996,True,True
97,3108394210,28529.83000000,0.00320000,91.29545600,1683386580996,True,True
98,3108394211,28529.56000000,0.00036000,10.27064160,1683386581000,True,True
99,3108394212,28529.49000000,0.00130000,37.08833700,1683386581000,True,True
100,3108394213,28529.48000000,0.00064000,18.25886720,1683386581000,True,True
101,3108394214,28529.33000000,0.00067000,19.11465110,1683386581000,True,True
102,3108394215,28529.13000000,0.00064000,18.25864320,1683386581000,True,True
103,3108394216,28529.01000000,0.00036000,10.27044360,1683386581000,True,True
104,3108394217,28528.85000000,0.00045000,12.83798250,1683386581000,True,True
105,3108394218,28528.80000000,0.00067000,19.11429600,1683386581000,True,True
106,3108394219,28528.78000000,0.00064000,18.25841920,1683386581000,True,True
107,3108394220,28528.62000000,0.00065000,18.54360300,1683386581000,True,True
108,3108394221,28528.43000000,0.00064000,18.25819520,1683386581000,True,True
109,3108394222,28528.27000000,0.00067000,19.11394090,1683386581000,True,True
110,3108394223,28528.21000000,0.00036000,10.27015560,1683386581000,True,True
111,3108394224,28528.21000000,0.00036000,10.27015560,1683386581000,True,True
112,3108394225,28528.08000000,0.00064000,18.25797120,1683386581000,True,True
113,3108394226,28528.04000000,0.10000000,2852.80400000,1683386581000,True,True
114,3108394227,28527.75000000,0.00065000,18.54303750,1683386581003,True,True
115,3108394228,28527.74000000,0.00067000,19.11358580,1683386581003,True,True
116,3108394229,28527.73000000,0.00064000,18.25774720,1683386581003,True,True
117,3108394230,28527.38000000,0.00064000,18.25752320,1683386581003,True,True
118,3108394231,28527.31000000,0.05537000,1579.55715470,1683386581003,True,True
119,3108394232,28527.30000000,0.09151000,2610.53322300,1683386581003,True,True
120,3108394233,28527.21000000,0.00067000,19.11323070,1683386581003,True,True
121,3108394234,28527.09000000,0.52500000,14976.72225000,1683386581003,True,True
122,3108394235,28527.03000000,0.00064000,18.25729920,1683386581011,True,True
123,3108394236,28526.88000000,0.00065000,18.54247200,1683386581011,True,True
124,3108394237,28526.86000000,0.00036000,10.26966960,1683386581011,True,True
125,3108394238,28526.77000000,0.09092000,2593.65392840,1683386581011,True,True
126,3108394239,28526.68000000,0.00067000,19.11287560,1683386581011,True,True
127,3108394240,28526.68000000,0.00064000,18.25707520,1683386581011,True,True
128,3108394241,28526.33000000,0.00064000,18.25685120,1683386581011,True,True
129,3108394242,28526.30000000,0.00045000,12.83683500,1683386581011,True,True
130,3108394243,28526.29000000,0.00699000,199.39876710,1683386581011,True,True
131,3108394244,28526.15000000,0.00067000,19.11252050,1683386581011,True,True
132,3108394245,28526.11000000,0.10000000,2852.61100000,1683386581011,True,True
133,3108394246,28526.01000000,0.00065000,18.54190650,1683386581011,True,True
134,3108394247,28525.80000000,0.01500000,427.88700000,1683386581011,True,True
135,3108394248,28525.62000000,0.00067000,19.11216540,1683386581011,True,True
136,3108394249,28525.14000000,0.00065000,18.54134100,1683386581011,True,True
137,3108394250,28525.09000000,0.00067000,19.11181030,1683386581011,True,True
138,3108394251,28524.82000000,0.12627000,3601.82902140,1683386581011,True,True
139,3108394252,28524.67000000,0.00598000,170.57752660,1683386581011,True,True
140,3108394253,28524.56000000,0.00067000,19.11145520,1683386581011,True,True
141,3108394254,28524.45000000,0.07481000,2133.91410450,1683386581011,True,True
142,3108394255,28524.47000000,0.28700000,8186.52289000,1683386581015,True,True
143,3108394256,28524.47000000,0.18393000,5246.50576710,1683386581016,True,True
144,3108394257,28524.45000000,0.02807000,800.68131150,1683386581016,True,True
145,3108394258,28524.45000000,0.10747000,3065.52264150,1683386581018,True,True
146,3108394259,28524.31000000,0.00036000,10.26875160,1683386581018,True,True
147,3108394260,28524.29000000,0.00128000,36.51109120,1683386581018,True,True
148,3108394261,28524.27000000,0.00065000,18.54077550,1683386581018,True,True
149,3108394262,28523.75000000,0.00045000,12.83568750,1683386581018,True,True
150,3108394263,28523.43000000,0.15177000,4329.00097110,1683386581018,True,True
151,3108394264,28523.42000000,0.00388000,110.67086960,1683386581018,True,True
152,3108394265,28523.40000000,0.00065000,18.54021000,1683386581018,True,True
153,3108394266,28522.85000000,0.05336000,1521.97927600,1683386581018,True,True
154,3108394267,28522.84000000,0.00697000,198.80419480,1683386581018,True,True
155,3108394268,28522.81000000,0.00036000,10.26821160,1683386581018,True,True
156,3108394269,28522.53000000,0.00065000,18.53964450,1683386581018,True,True
157,3108394270,28522.28000000,0.02515000,717.33534200,1683386581018,True,True
158,3108394271,28522.28000000,0.02294000,654.30110320,1683386581018,True,True
159,3108394272,28522.24000000,0.00100000,28.52224000,1683386581018,True,True
160,3108394273,28521.93000000,0.08000000,2281.75440000,1683386581018,True,True
161,3108394274,28521.66000000,0.00065000,18.53907900,1683386581018,True,True
162,3108394275,28521.20000000,0.00045000,12.83454000,1683386581018,True,True
163,3108394276,28521.16000000,0.00039000,11.12325240,1683386581018,True,True
164,3108394277,28520.84000000,0.00038000,10.83791920,1683386581018,True,True
165,3108394278,28520.79000000,0.08758000,2497.85078820,1683386581018,True,True
166,3108394279,28520.79000000,0.00065000,18.53851350,1683386581018,True,True
167,3108394280,28520.41000000,0.03012000,859.03474920,1683386581018,True,True
168,3108394281,28520.41000000,0.04584000,1307.37559440,1683386581018,True,True
169,3108394282,28520.41000000,0.05000000,1426.02050000,1683386581019,True,True
170,3108394283,28520.22000000,0.00086000,24.52738920,1683386581055,True,True
171,3108394284,28520.23000000,0.05079000,1448.54248170,1683386581204,False,True
172,3108394285,28520.22000000,0.00063000,17.96773860,1683386581265,True,True
173,3108394286,28520.23000000,0.00131000,37.36150130,1683386581277,False,True
174,3108394287,28520.23000000,0.00087000,24.81260010,1683386581323,False,True
175,3108394288,28520.23000000,0.01512000,431.22587760,1683386581324,False,True
176,3108394289,28520.23000000,0.01500000,427.80345000,1683386581324,False,True
177,3108394290,28520.23000000,0.00210000,59.89248300,1683386581370,False,True
178,3108394291,28520.23000000,0.06540000,1865.22304200,1683386581507,False,True
179,3108394292,28520.22000000,0.00100000,28.52022000,1683386582356,True,True
180,3108394293,28520.22000000,0.00640000,182.52940800,1683386582356,True,True
181,3108394294,28520.23000000,0.00227000,64.74092210,1683386582422,False,True
182,3108394295,28520.23000000,0.00040000,11.40809200,1683386583238,False,True
183,3108394296,28520.23000000,0.00085000,24.24219550,1683386583313,False,True
184,3108394297,28520.23000000,0.00504000,143.74195920,1683386583823,False,True
185,3108394298,28520.22000000,0.00242000,69.01893240,1683386583929,True,True
186,3108394299,28520.23000000,0.00050000,14.26011500,1683386584037,False,True
187,3108394300,28520.23000000,0.00175000,49.91040250,1683386584142,False,True
188,3108394301,28520.23000000,0.00278000,79.28623940,1683386584169,False,True
189,3108394302,28520.23000000,0.00070000,19.96416100,1683386584171,False,True
190,3108394303,28520.23000000,0.00279000,79.57144170,1683386584333,False,True
191,3108394304,28520.23000000,0.00070000,19.96416100,1683386584335,False,True
192,3108394305,28520.23000000,0.00818000,233.29548140,1683386584495,False,True
193,3108394306,28520.23000000,0.01167000,332.83108410,1683386584560,False,True
194,3108394307,28520.23000000,0.00070000,19.96416100,1683386584786,False,True
195,3108394308,28520.23000000,0.16703000,4763.73401690,1683386585178,False,True
196,3108394309,28520.22000000,0.00426000,121.49613720,1683386585356,True,True
197,3108394310,28520.22000000,0.00357000,101.81718540,1683386585356,True,True
198,3108394311,28520.22000000,0.00769000,219.32049180,1683386585616,True,True
199,3108394312,28520.22000000,0.00471000,134.33023620,1683386585616,True,True
200,3108394313,28520.23000000,0.00279000,79.57144170,1683386585833,False,True
201,3108394314,28520.23000000,0.00070000,19.96416100,1683386585835,False,True
202,3108394315,28520.23000000,0.00085000,24.24219550,1683386585856,False,True
203,3108394316,28520.23000000,0.03091000,881.56030930,1683386585871,False,True
204,3108394317,28520.23000000,0.02754000,785.44713420,1683386586077,False,True
205,3108394318,28520.22000000,0.01679000,478.85449380,1683386586215,True,True
206,3108394319,28520.23000000,0.00818000,233.29548140,1683386586496,False,True
207,3108394320,28520.23000000,0.01168000,333.11628640,1683386586559,False,True
208,3108394321,28520.23000000,0.08447000,2409.10382810,1683386586805,False,True
209,3108394322,28520.23000000,0.02196000,626.30425080,1683386586805,False,True
210,3108394323,28520.23000000,0.10000000,2852.02300000,1683386586805,False,True
211,3108394324,28520.23000000,0.00300000,85.56069000,1683386586805,False,True
212,3108394325,28520.23000000,0.07000000,1996.41610000,1683386586805,False,True
213,3108394326,28520.23000000,0.01100000,313.72253000,1683386586805,False,True
214,3108394327,28520.23000000,0.04600000,1311.93058000,1683386586805,False,True
215,3108394328,28520.23000000,0.01500000,427.80345000,1683386586805,False,True
216,3108394329,28520.23000000,0.01770000,504.80807100,1683386586805,False,True
217,3108394330,28520.23000000,0.00600000,171.12138000,1683386586805,False,True
218,3108394331,28520.23000000,0.05400000,1540.09242000,1683386586805,False,True
219,3108394332,28520.23000000,0.01100000,313.72253000,1683386586805,False,True
220,3108394333,28520.23000000,0.00200000,57.04046000,1683386586805,False,True
221,3108394334,28520.23000000,0.10000000,2852.02300000,1683386586805,False,True
222,3108394335,28520.23000000,0.04500000,1283.41035000,1683386586805,False,True
223,3108394336,28520.23000000,0.07000000,1996.41610000,1683386586805,False,True
224,3108394337,28520.23000000,0.07000000,1996.41610000,1683386586805,False,True
225,3108394338,28520.23000000,0.00500000,142.60115000,1683386586805,False,True
226,3108394339,28520.23000000,0.07000000,1996.41610000,1683386586805,False,True
227,3108394340,28520.23000000,0.07000000,1996.41610000,1683386586805,False,True
228,3108394341,28520.23000000,0.01300000,370.76299000,1683386586805,False,True
229,3108394342,28520.23000000,0.02800000,798.56644000,1683386586805,False,True
230,3108394343,28520.23000000,0.00100000,28.52023000,1683386586805,False,True
231,3108394344,28520.23000000,0.13442000,3833.68931660,1683386586805,False,True
232,3108394345,28520.23000000,0.04401000,1255.17532230,1683386586809,False,True
233,3108394346,28520.23000000,0.10000000,2852.02300000,1683386586809,False,True
234,3108394347,28520.23000000,0.08385000,2391.42128550,1683386586809,False,True
235,3108394348,28520.23000000,0.00099000,28.23502770,1683386586809,False,True
236,3108394349,28520.23000000,0.04746000,1353.57011580,1683386586809,False,True
237,3108394350,28520.24000000,0.00173000,49.34001520,1683386586809,False,True
238,3108394351,28520.27000000,0.00070000,19.96418900,1683386586810,False,True
239,3108394352,28520.27000000,0.00160000,45.63243200,1683386586810,False,True
240,3108394353,28520.28000000,0.01753000,499.96050840,1683386586810,False,True
241,3108394354,28520.34000000,0.06406000,1827.01298040,1683386586810,False,True
242,3108394355,28520.35000000,0.10000000,2852.03500000,1683386586810,False,True
243,3108394356,28521.44000000,0.00036000,10.26771840,1683386586810,False,True
244,3108394357,28521.66000000,0.00065000,18.53907900,1683386586810,False,True
245,3108394358,28521.66000000,0.26131000,7452.99497460,1683386586810,False,True
246,3108394359,28521.65000000,0.00100000,28.52165000,1683386586820,True,True
247,3108394360,28521.65000000,0.00099000,28.23643350,1683386586870,True,True
248,3108394361,28521.65000000,0.00264000,75.29715600,1683386586878,True,True
249,3108394362,28521.65000000,0.00099000,28.23643350,1683386586907,True,True
250,3108394363,28521.66000000,0.00099000,28.23644340,1683386586912,False,True
251,3108394364,28521.66000000,0.00046000,13.11996360,1683386586990,False,True
252,3108394365,28521.66000000,0.02798000,798.03604680,1683386586990,False,True
253,3108394366,28521.67000000,0.07155000,2040.72548850,1683386586990,False,True
254,3108394367,28521.67000000,0.02450000,698.78091500,1683386586998,False,True
255,3108394368,28521.67000000,0.00395000,112.66059650,1683386586999,False,True
256,3108394369,28522.53000000,0.00065000,18.53964450,1683386586999,False,True
257,3108394370,28522.79000000,0.00036000,10.26820440,1683386586999,False,True
258,3108394371,28523.09000000,0.00376000,107.24681840,1683386586999,False,True
259,3108394372,28523.08000000,0.00089000,25.38554120,1683386587059,True,True
260,3108394373,28523.09000000,0.00175000,49.91540750,1683386587108,False,True
261,3108394374,28523.09000000,0.00100000,28.52309000,1683386587153,False,True
262,3108394375,28523.09000000,0.01444000,411.87341960,1683386587153,False,True
263,3108394376,28523.09000000,0.00948000,270.39889320,1683386587215,False,True
264,3108394377,28523.09000000,0.00818000,233.31887620,1683386587495,False,True
265,3108394378,28523.09000000,0.01168000,333.14969120,1683386587560,False,True
266,3108394379,28523.09000000,0.00676000,192.81608840,1683386588154,False,True
267,3108394380,28523.09000000,0.00670000,191.10470300,1683386588154,False,True
268,3108394381,28523.11000000,0.00037000,10.55355070,1683386588159,False,True
269,3108394382,28523.11000000,0.00037000,10.55355070,1683386588160,False,True
270,3108394383,28523.11000000,0.00683000,194.81284130,1683386588161,False,True
271,3108394384,28523.11000000,0.00690000,196.80945900,1683386588161,False,True
272,3108394385,28523.13000000,0.00037000,10.55355810,1683386588161,False,True
273,3108394386,28523.13000000,0.00037000,10.55355810,1683386588161,False,True
274,3108394387,28523.40000000,0.00065000,18.54021000,1683386588161,False,True
275,3108394388,28523.75000000,0.00045000,12.83568750,1683386588161,False,True
276,3108394389,28523.94000000,0.00573000,163.44217620,1683386588161,False,True
277,3108394390,28523.94000000,0.00101000,28.80917940,1683386588169,False,True
278,3108394391,28523.96000000,0.00037000,10.55386520,1683386588174,False,True
279,3108394392,28523.96000000,0.00037000,10.55386520,1683386588176,False,True
280,3108394393,28523.98000000,0.00037000,10.55387260,1683386588182,False,True
281,3108394394,28523.98000000,0.00037000,10.55387260,1683386588182,False,True
282,3108394395,28523.98000000,0.00037000,10.55387260,1683386588182,False,True
283,3108394396,28524.00000000,0.00037000,10.55388000,1683386588192,False,True
284,3108394397,28524.00000000,0.00037000,10.55388000,1683386588192,False,True
285,3108394398,28524.00000000,0.00037000,10.55388000,1683386588192,False,True
286,3108394399,28524.02000000,0.00037000,10.55388740,1683386588201,False,True
287,3108394400,28524.02000000,0.00037000,10.55388740,1683386588201,False,True
288,3108394401,28524.02000000,0.00037000,10.55388740,1683386588201,False,True
289,3108394402,28524.14000000,0.00036000,10.26869040,1683386588201,False,True
290,3108394403,28524.27000000,0.00065000,18.54077550,1683386588201,False,True
291,3108394404,28524.29000000,0.00036000,10.26874440,1683386588201,False,True
292,3108394405,28525.09000000,0.00067000,19.11181030,1683386588201,False,True
293,3108394406,28525.14000000,0.00065000,18.54134100,1683386588201,False,True
294,3108394407,28525.49000000,0.00036000,10.26917640,1683386588201,False,True
295,3108394408,28525.62000000,0.00067000,19.11216540,1683386588201,False,True
296,3108394409,28526.01000000,0.00065000,18.54190650,1683386588201,False,True
297,3108394410,28526.30000000,0.00045000,12.83683500,1683386588201,False,True
298,3108394411,28526.38000000,0.17774000,5070.27878120,1683386588201,False,True
299,3108394412,28526.47000000,0.59405000,16946.14950350,1683386588201,False,True
300,3108394413,28526.47000000,0.08861000,2527.73050670,1683386588208,False,True
301,3108394414,28526.47000000,0.58977000,16824.05621190,1683386588208,False,True
302,3108394415,28526.84000000,0.00036000,10.26966240,1683386588208,False,True
303,3108394416,28526.88000000,0.00065000,18.54247200,1683386588208,False,True
304,3108394417,28527.75000000,0.00065000,18.54303750,1683386588282,False,True
305,3108394418,28528.19000000,0.00036000,10.27014840,1683386588282,False,True
306,3108394419,28528.62000000,0.00065000,18.54360300,1683386588282,False,True
307,3108394420,28528.85000000,0.00045000,12.83798250,1683386588282,False,True
308,3108394421,28529.22000000,0.02309000,658.73968980,1683386588282,False,True
309,3108394422,28529.22000000,0.07337000,2093.18887140,1683386588322,False,True
310,3108394423,28529.49000000,0.00065000,18.54416850,1683386588322,False,True
311,3108394424,28529.65000000,0.02595000,740.34441750,1683386588322,False,True
312,3108394425,28529.64000000,0.00226000,64.47698640,1683386588329,True,True
313,3108394426,28529.64000000,0.00687000,195.99862680,1683386588398,True,True
314,3108394427,28529.65000000,0.00700000,199.70755000,1683386588533,False,True
315,3108394428,28529.65000000,0.09297000,2652.40156050,1683386588533,False,True
316,3108394429,28529.65000000,0.00700000,199.70755000,1683386588676,False,True
317,3108394430,28529.65000000,0.00700000,199.70755000,1683386588676,False,True
318,3108394431,28529.83000000,0.00640000,182.59091200,1683386588676,False,True
319,3108394432,28530.00000000,0.12968000,3699.77040000,1683386588676,False,True
320,3108394433,28530.01000000,0.00697000,198.85416970,1683386588676,False,True
321,3108394434,28530.01000000,0.00338000,96.43143380,1683386588676,False,True
322,3108394435,28530.01000000,0.00240000,68.47202400,1683386588676,False,True
323,3108394436,28530.01000000,0.00459000,130.95274590,1683386588676,False,True
324,3108394437,28530.01000000,0.00128000,36.51841280,1683386588676,False,True
325,3108394438,28530.01000000,0.00498000,142.07944980,1683386588676,False,True
326,3108394439,28530.01000000,0.01470000,419.39114700,1683386588676,False,True
327,3108394440,28530.01000000,0.25726000,7339.63037260,1683386588676,False,True
328,3108394441,28530.01000000,0.00240000,68.47202400,1683386588676,False,True
329,3108394442,28530.01000000,0.00165000,47.07451650,1683386588676,False,True
330,3108394443,28530.01000000,0.03505000,999.97685050,1683386588676,False,True
331,3108394444,28530.01000000,0.00350000,99.85503500,1683386588676,False,True
332,3108394445,28530.18000000,0.00064000,18.25931520,1683386588676,False,True
333,3108394446,28530.37000000,0.66379000,18938.17430230,1683386588679,False,True
334,3108394447,28530.38000000,0.04000000,1141.21520000,1683386588679,False,True
335,3108394448,28530.53000000,0.00064000,18.25953920,1683386588679,False,True
336,3108394449,28530.92000000,0.00626000,178.60355920,1683386588679,False,True
337,3108394450,28531.00000000,0.00040000,11.41240000,1683386588679,False,True
338,3108394451,28531.40000000,0.00045000,12.83913000,1683386588679,False,True
339,3108394452,28531.98000000,0.03203000,913.87931940,1683386588759,True,True
340,3108394453,28531.99000000,0.00278000,79.31893220,1683386589904,False,True
341,3108394454,28531.99000000,0.00070000,19.97239300,1683386589906,False,True
342,3108394455,28531.99000000,0.00665000,189.73773350,1683386589944,False,True
343,3108394456,28531.99000000,0.00691000,197.15605090,1683386589944,False,True
344,3108394457,28532.01000000,0.00037000,10.55684370,1683386589953,False,True
345,3108394458,28532.01000000,0.00037000,10.55684370,1683386589954,False,True
346,3108394459,28532.03000000,0.00037000,10.55685110,1683386589963,False,True
347,3108394460,28532.03000000,0.00037000,10.55685110,1683386589963,False,True
348,3108394461,28532.03000000,0.00037000,10.55685110,1683386589963,False,True
349,3108394462,28532.03000000,0.00037000,10.55685110,1683386589963,False,True
350,3108394463,28532.09000000,0.00674000,192.30628660,1683386589963,False,True
351,3108394464,28532.10000000,0.00195000,55.63759500,1683386589963,False,True
352,3108394465,28532.19000000,0.00667000,190.30970730,1683386589963,False,True
353,3108394466,28532.19000000,0.00700000,199.72533000,1683386589963,False,True
354,3108394467,28532.24000000,0.00036000,10.27160640,1683386589963,False,True
355,3108394468,28532.28000000,0.00320000,91.30329600,1683386589963,False,True
356,3108394469,28532.51000000,0.00187000,53.35579370,1683386589963,False,True
357,3108394470,28532.51000000,0.00684000,195.16236840,1683386590036,False,True
358,3108394471,28532.63000000,0.00064000,18.26088320,1683386590036,False,True
359,3108394472,28532.97000000,0.00065000,18.54643050,1683386590089,False,True
360,3108394473,28532.98000000,0.00064000,18.26110720,1683386590154,False,True
361,3108394474,28533.04000000,0.00067000,19.11713680,1683386590154,False,True
362,3108394475,28533.33000000,0.00064000,18.26133120,1683386590154,False,True
363,3108394476,28533.41000000,0.02325000,663.40178250,1683386590159,True,True
364,3108394477,28533.41000000,0.02325000,663.40178250,1683386590162,True,True
365,3108394478,28533.42000000,0.00462000,131.82440040,1683386590233,False,True
366,3108394479,28533.42000000,0.00219000,62.48818980,1683386590332,False,True
367,3108394480,28533.42000000,0.00278000,79.32290760,1683386590356,False,True
368,3108394481,28533.42000000,0.00070000,19.97339400,1683386590358,False,True
369,3108394482,28533.41000000,0.00069000,19.68805290,1683386590398,True,True
370,3108394483,28533.42000000,0.00352000,100.43763840,1683386590421,False,True
371,3108394484,28533.57000000,0.00067000,19.11749190,1683386590421,False,True
372,3108394485,28533.58000000,0.02101000,599.49051580,1683386590424,True,True
373,3108394486,28533.58000000,0.02101000,599.49051580,1683386590428,True,True
374,3108394487,28533.59000000,0.00036000,10.27209240,1683386590554,False,True
375,3108394488,28533.59000000,0.00036000,10.27209240,1683386590554,False,True
376,3108394489,28533.59000000,0.00665000,189.74837350,1683386590554,False,True
377,3108394490,28533.59000000,0.00373000,106.43029070,1683386590692,False,True
378,3108394491,28533.59000000,0.13017000,3714.21741030,1683386592328,False,True
379,3108394492,28533.59000000,0.00700000,199.73513000,1683386592328,False,True
380,3108394493,28533.59000000,0.00036000,10.27209240,1683386592328,False,True
381,3108394494,28533.63000000,0.00101000,28.81896630,1683386592328,False,True
382,3108394495,28533.68000000,0.00064000,18.26155520,1683386592328,False,True
383,3108394496,28533.69000000,0.00036000,10.27212840,1683386592328,False,True
384,3108394497,28533.84000000,0.00065000,18.54699600,1683386592328,False,True
385,3108394498,28533.85000000,0.13875000,3959.07168750,1683386592328,False,True
386,3108394499,28533.95000000,0.00045000,12.84027750,1683386592334,False,True
387,3108394500,28533.97000000,0.00037000,10.55756890,1683386592343,False,True
388,3108394501,28533.97000000,0.00037000,10.55756890,1683386592344,False,True
389,3108394502,28533.99000000,0.00037000,10.55757630,1683386592354,False,True
390,3108394503,28533.99000000,0.00037000,10.55757630,1683386592354,False,True
391,3108394504,28533.99000000,0.00037000,10.55757630,1683386592354,False,True
392,3108394505,28533.99000000,0.00037000,10.55757630,1683386592354,False,True
393,3108394506,28534.01000000,0.00037000,10.55758370,1683386592355,False,True
394,3108394507,28534.01000000,0.00037000,10.55758370,1683386592355,False,True
395,3108394508,28534.03000000,0.00064000,18.26177920,1683386592355,False,True
396,3108394509,28534.10000000,0.00067000,19.11784700,1683386592355,False,True
397,3108394510,28534.10000000,0.00141000,40.23308100,1683386592357,True,True
398,3108394511,28534.38000000,0.00064000,18.26200320,1683386592367,False,True
399,3108394512,28534.40000000,0.00037000,10.55772800,1683386592375,False,True
400,3108394513,28534.40000000,0.00037000,10.55772800,1683386592375,False,True
401,3108394514,28534.42000000,0.00037000,10.55773540,1683386592381,False,True
402,3108394515,28534.42000000,0.00037000,10.55773540,1683386592381,False,True
403,3108394516,28534.44000000,0.00037000,10.55774280,1683386592386,False,True
404,3108394517,28534.44000000,0.00037000,10.55774280,1683386592386,False,True
405,3108394518,28534.46000000,0.00037000,10.55775020,1683386592392,False,True
406,3108394519,28534.46000000,0.00037000,10.55775020,1683386592400,False,True
407,3108394520,28534.48000000,0.00037000,10.55775760,1683386592404,False,True
408,3108394521,28534.48000000,0.00037000,10.55775760,1683386592404,False,True
409,3108394522,28534.50000000,0.00037000,10.55776500,1683386592411,False,True
410,3108394523,28534.63000000,0.00067000,19.11820210,1683386592417,False,True
411,3108394524,28534.65000000,0.00037000,10.55782050,1683386592424,False,True
412,3108394525,28534.67000000,0.00037000,10.55782790,1683386592433,False,True
413,3108394526,28534.68000000,0.00143000,40.80459240,1683386592564,True,True
414,3108394527,28534.68000000,0.00078000,22.25705040,1683386592693,True,True
415,3108394528,28534.69000000,0.00037000,10.55783530,1683386592819,False,True
416,3108394529,28534.69000000,0.00642000,183.19270980,1683386592819,False,True
417,3108394530,28534.69000000,0.00001000,0.28534690,1683386592820,False,True
418,3108394531,28534.71000000,0.00065000,18.54756150,1683386592820,False,True
419,3108394532,28534.73000000,0.00064000,18.26222720,1683386592820,False,True
420,3108394533,28534.94000000,0.00036000,10.27257840,1683386592820,False,True
421,3108394534,28535.08000000,0.00064000,18.26245120,1683386592820,False,True
422,3108394535,28535.16000000,0.00067000,19.11855720,1683386592854,False,True
423,3108394536,28535.18000000,0.00388000,110.71649840,1683386592859,False,True
424,3108394537,28535.29000000,0.09143000,2608.98156470,1683386592865,True,True
425,3108394538,28535.30000000,0.00037000,10.55806100,1683386592874,False,True
426,3108394539,28535.30000000,0.00037000,10.55806100,1683386592874,False,True
427,3108394540,28535.31000000,0.00296000,84.46451760,1683386592874,False,True
428,3108394541,28535.31000000,0.00176000,50.22214560,1683386592878,False,True
429,3108394542,28535.43000000,0.00064000,18.26267520,1683386592884,False,True
430,3108394543,28535.57000000,0.00037000,10.55816090,1683386592955,False,True
431,3108394544,28535.58000000,0.00065000,18.54812700,1683386592955,False,True
432,3108394545,28535.69000000,0.00067000,19.11891230,1683386592955,False,True
433,3108394546,28535.78000000,0.00064000,18.26289920,1683386592955,False,True
434,3108394547,28536.22000000,0.00067000,19.11926740,1683386592961,False,True
435,3108394548,28536.27000000,0.00229000,65.34805830,1683386592998,True,True
436,3108394549,28536.27000000,0.06661000,1900.80094470,1683386593020,True,True
437,3108394550,28536.28000000,0.00037000,10.55842360,1683386593052,False,True
438,3108394551,28536.29000000,0.00036000,10.27306440,1683386593052,False,True
439,3108394552,28536.45000000,0.00065000,18.54869250,1683386593052,False,True
440,3108394553,28536.50000000,0.00045000,12.84142500,1683386593052,False,True
441,3108394554,28536.61000000,0.00128000,36.52686080,1683386593056,False,True
442,3108394555,28536.75000000,0.00067000,19.11962250,1683386593060,False,True
443,3108394556,28537.28000000,0.00067000,19.11997760,1683386593068,False,True
444,3108394557,28537.30000000,0.00089000,25.39819700,1683386593164,True,True
445,3108394558,28537.31000000,0.00037000,10.55880470,1683386593165,False,True
446,3108394559,28537.32000000,0.00031000,8.84656920,1683386593165,False,True
447,3108394560,28537.32000000,0.00034000,9.70268880,1683386593168,False,True
448,3108394561,28537.37000000,0.01745000,497.97710650,1683386593219,True,True
449,3108394562,28537.38000000,0.00037000,10.55883060,1683386593253,False,True
450,3108394563,28537.39000000,0.00100000,28.53739000,1683386593256,False,True
451,3108394564,28537.62000000,0.00128000,36.52815360,1683386593292,True,True
452,3108394565,28537.62000000,0.00348000,99.31091760,1683386593974,True,True
453,3108394566,28537.63000000,0.00037000,10.55892310,1683386594297,False,True
454,3108394567,28537.64000000,0.00018000,5.13677520,1683386594297,False,True
455,3108394568,28537.64000000,0.00018000,5.13677520,1683386594301,False,True
456,3108394569,28537.66000000,0.00037000,10.55893420,1683386594318,False,True
457,3108394570,28537.67000000,0.00351000,100.16722170,1683386594318,False,True
458,3108394571,28537.81000000,0.00067000,19.12033270,1683386594318,False,True
459,3108394572,28537.88000000,0.00384000,109.58545920,1683386594318,False,True
460,3108394573,28538.19000000,0.00065000,18.54982350,1683386594318,False,True
461,3108394574,28538.23000000,0.00064000,18.26446720,1683386594318,False,True
462,3108394575,28538.39000000,0.00036000,10.27382040,1683386594318,False,True
463,3108394576,28538.58000000,0.00064000,18.26469120,1683386594318,False,True
464,3108394577,28538.92000000,0.05985000,1708.05436200,1683386594318,False,True
465,3108394578,28538.93000000,0.00064000,18.26491520,1683386594318,False,True
466,3108394579,28538.99000000,0.00036000,10.27403640,1683386594318,False,True
467,3108394580,28538.99000000,0.00036000,10.27403640,1683386594318,False,True
468,3108394581,28539.05000000,0.00045000,12.84257250,1683386594318,False,True
469,3108394582,28539.06000000,0.00065000,18.55038900,1683386594318,False,True
470,3108394583,28539.14000000,0.32340000,9229.55787600,1683386594318,False,True
471,3108394584,28539.15000000,0.95842000,27352.49214300,1683386594318,False,True
472,3108394585,28539.28000000,0.00064000,18.26513920,1683386594377,False,True
473,3108394586,28539.28000000,0.00220000,62.78641600,1683386594377,False,True
474,3108394587,28539.28000000,0.00415000,118.43801200,1683386594419,False,True
475,3108394588,28539.63000000,0.00064000,18.26536320,1683386594424,False,True
476,3108394589,28539.65000000,0.00037000,10.55967050,1683386594434,False,True
477,3108394590,28539.67000000,0.00037000,10.55967790,1683386594440,False,True
478,3108394591,28539.69000000,0.00037000,10.55968530,1683386594446,False,True
479,3108394592,28539.71000000,0.00037000,10.55969270,1683386594453,False,True
480,3108394593,28539.73000000,0.00037000,10.55970010,1683386594460,False,True
481,3108394594,28539.75000000,0.00037000,10.55970750,1683386594464,False,True
482,3108394595,28539.77000000,0.00037000,10.55971490,1683386594469,False,True
483,3108394596,28539.79000000,0.00037000,10.55972230,1683386594475,False,True
484,3108394597,28539.80000000,0.05941000,1695.54951800,1683386594481,True,True
485,3108394598,28539.81000000,0.00037000,10.55972970,1683386594483,False,True
486,3108394599,28539.83000000,0.00037000,10.55973710,1683386594487,False,True
487,3108394600,28539.85000000,0.00037000,10.55974450,1683386594494,False,True
488,3108394601,28539.87000000,0.00037000,10.55975190,1683386594677,False,True
489,3108394602,28539.88000000,0.00426000,121.57988880,1683386594677,False,True
490,3108394603,28539.90000000,0.00626000,178.65977400,1683386594677,False,True
491,3108394604,28539.93000000,0.00065000,18.55095450,1683386594677,False,True
492,3108394605,28539.98000000,0.00064000,18.26558720,1683386594677,False,True
493,3108394606,28539.99000000,0.00544000,155.25754560,1683386594677,False,True
494,3108394607,28540.00000000,0.07008000,2000.08320000,1683386594677,False,True
495,3108394608,28540.00000000,0.01752000,500.02080000,1683386594677,False,True
496,3108394609,28540.00000000,0.00738000,210.62520000,1683386594677,False,True
497,3108394610,28540.16000000,0.21098000,6021.40295680,1683386594677,False,True
498,3108394611,28540.15000000,0.00154000,43.95183100,1683386594779,True,True
499,3108394612,28540.16000000,0.00070000,19.97811200,1683386594951,False,True
